<?xml version="1.0" encoding="UTF-8"?>
<project-private xmlns="http://www.netbeans.org/ns/project-private/1">
    <editor-bookmarks xmlns="http://www.netbeans.org/ns/editor-bookmarks/2" lastBookmarkId="0"/>
    <open-files xmlns="http://www.netbeans.org/ns/projectui-open-files/2">
        <group>
            <file>file:/C:/Users/obeth/Downloads/Actividade_de_Limpieza_Actualizado/Actividade%20de%20Limpieza/src/Vista/GestionActividadesView.java</file>
            <file>file:/C:/Users/obeth/Downloads/Actividade_de_Limpieza_Actualizado/Actividade%20de%20Limpieza/src/Vista/GestionCuadrillasView.java</file>
            <file>file:/C:/Users/obeth/Downloads/Actividade_de_Limpieza_Actualizado/Actividade%20de%20Limpieza/src/Vista/GestionJefesCuadrillaView.java</file>
            <file>file:/C:/Users/obeth/Downloads/Actividade_de_Limpieza_Actualizado/Actividade%20de%20Limpieza/src/Vista/GestionColoniasView.java</file>
            <file>file:/C:/Users/obeth/Downloads/Actividade_de_Limpieza_Actualizado/Actividade%20de%20Limpieza/src/actividade/de/limpieza/ActividadeDeLimpieza.java</file>
            <file>file:/C:/Users/obeth/Downloads/Actividade_de_Limpieza_Actualizado/Actividade%20de%20Limpieza/src/Modelo/Cuadrilla.java</file>
            <file>file:/C:/Users/obeth/Downloads/Actividade_de_Limpieza_Actualizado/Actividade%20de%20Limpieza/src/Vista/MenuPrincipalView.java</file>
        </group>
    </open-files>
</project-private>
